{
    "1726736916.4668088": {
        "ohist": [
            0.9472222222222222
        ],
        "shist": [
            0.5294444444444444
        ]
    },
    "1726737292.4380043": {
        "ohist": [
            0.9525925925925925
        ],
        "shist": [
            0.4855555555555555
        ]
    },
    "1726738097.2494154": {
        "ohist": [
            0.9505555555555555
        ],
        "shist": [
            0.547962962962963
        ]
    },
    "1726738947.7971804": {
        "ohist": [
            0.952037037037037
        ],
        "shist": [
            0.5675925925925925
        ]
    },
    "1726739410.6779299": {
        "ohist": [
            0.9518518518518518,
            0.9594444444444444
        ],
        "shist": [
            0.5814814814814815,
            0.7348148148148148
        ]
    },
    "1726740214.810856": {
        "shist": [
            0.46574074074074073,
            0.522962962962963
        ]
    },
    "1726743634.7931032": {
        "ohist": [
            0.9412962962962963,
            0.9542592592592593,
            0.9607407407407407,
            0.9638888888888888,
            0.9672222222222222,
            0.9668518518518519,
            0.9685185185185184,
            0.9709259259259259,
            0.9703703703703703,
            0.9712962962962962,
            0.9712962962962962,
            0.9714814814814814,
            0.972037037037037,
            0.9737037037037036
        ],
        "shist": [
            0.5437037037037037,
            0.6718518518518518,
            0.742037037037037,
            0.8246296296296296,
            0.8474074074074074,
            0.8666666666666666,
            0.8775925925925926,
            0.8633333333333333,
            0.861111111111111,
            0.9072222222222222,
            0.8842592592592592,
            0.9075925925925925,
            0.9149999999999999,
            0.9148148148148147
        ]
    }
}
