{
    "1726736916.4668088": {
        "ohist": [
            0.9472222222222222
        ],
        "shist": [
            0.5294444444444444
        ]
    },
    "1726737292.4380043": {
        "ohist": [
            0.9525925925925925
        ],
        "shist": [
            0.4855555555555555
        ]
    },
    "1726738097.2494154": {
        "ohist": [
            0.9505555555555555
        ],
        "shist": [
            0.547962962962963
        ]
    },
    "1726738947.7971804": {
        "ohist": [
            0.952037037037037
        ],
        "shist": [
            0.5675925925925925
        ]
    },
    "1726739410.6779299": {
        "ohist": [
            0.9518518518518518,
            0.9594444444444444
        ],
        "shist": [
            0.5814814814814815,
            0.7348148148148148
        ]
    },
    "1726740214.810856": {
        "shist": [
            0.46574074074074073,
            0.522962962962963
        ]
    },
    "1726743634.7931032": {
        "ohist": [
            0.9412962962962963,
            0.9542592592592593,
            0.9607407407407407,
            0.9638888888888888,
            0.9672222222222222,
            0.9668518518518519,
            0.9685185185185184,
            0.9709259259259259,
            0.9703703703703703,
            0.9712962962962962,
            0.9712962962962962,
            0.9714814814814814,
            0.972037037037037,
            0.9737037037037036
        ],
        "shist": [
            0.5437037037037037,
            0.6718518518518518,
            0.742037037037037,
            0.8246296296296296,
            0.8474074074074074,
            0.8666666666666666,
            0.8775925925925926,
            0.8633333333333333,
            0.861111111111111,
            0.9072222222222222,
            0.8842592592592592,
            0.9075925925925925,
            0.9149999999999999,
            0.9148148148148147
        ]
    },
    "1727029722.5458689": {
        "ohist": [
            0.9379629629629629
        ],
        "shist": [
            0.5325925925925926
        ]
    },
    "1727030432.2900672": {
        "ohist": [
            0.9375925925925925
        ],
        "shist": [
            0.5101851851851852
        ]
    },
    "1727092532.7816157": {
        "ohist": [
            0.9362962962962963
        ],
        "shist": [
            0.5737037037037037
        ]
    },
    "1727095088.193555": {
        "ohist": [
            0.9574074074074074
        ],
        "shist": [
            0.5231481481481481
        ]
    },
    "1727095417.2249856": {
        "ohist": [
            0.9566666666666667
        ],
        "shist": [
            0.3724074074074074
        ]
    },
    "0?": {
        "pretrained_accuracy_history": [
            0.9493,
            0.9561,
            0.9635,
            0.9652,
            0.9654,
            0.9665,
            0.9672,
            0.9659,
            0.9656,
            0.9681,
            0.9687,
            0.9681,
            0.9693,
            0.97,
            0.9683
        ],
        "pretrained_loss_history": [
            0.1794,
            0.1418,
            0.1206,
            0.1107,
            0.1087,
            0.1028,
            0.1011,
            0.0969,
            0.0988,
            0.0949,
            0.0948,
            0.094,
            0.0944,
            0.0912,
            0.093
        ],
        "scratch_accuracy_history": [
            0.9493,
            0.9561,
            0.9635,
            0.9652,
            0.9654,
            0.9665,
            0.9672,
            0.9659,
            0.9656,
            0.9681,
            0.9687,
            0.9681,
            0.9693,
            0.97,
            0.9683
        ],
        "scratch_loss_history": [
            0.1794,
            0.1418,
            0.1206,
            0.1107,
            0.1087,
            0.1028,
            0.1011,
            0.0969,
            0.0988,
            0.0949,
            0.0948,
            0.094,
            0.0944,
            0.0912,
            0.093
        ]
    },
    "1727100178.1555364": {
        "pretrained_trainging_accuracy_history_list": [
            0.9218518518518518
        ],
        "pretrained_validation_accuracy_history_list": [
            0.9555555555555555
        ],
        "pretrained_trainging_loss_history_list": [
            0.2529220542973942
        ],
        "pretrained_validation_loss_history_list": [
            0.13269056666780402
        ],
        "scratch_trainging_accuracy_history_list": [],
        "scratch_validation_accuracy_history_list": [],
        "scratch_trainging_loss_history_list": [],
        "scratch_validation_loss_history_list": []
    },
    "1727100705.531211": {
        "pretrained_trainging_accuracy_history_list": [
            0.9251388888888888,
            0.9616203703703703,
            0.96875,
            0.9718055555555555,
            0.9737962962962963
        ],
        "pretrained_validation_accuracy_history_list": [
            0.9551851851851851,
            0.9594444444444444,
            0.9653703703703703,
            0.9653703703703703,
            0.9653703703703703
        ],
        "pretrained_trainging_loss_history_list": [
            0.2484274262079486,
            0.11589555773470137,
            0.0942358837083534,
            0.08386080654131042,
            0.07655131601625019
        ],
        "pretrained_validation_loss_history_list": [
            0.12922823583638227,
            0.11539074916530538,
            0.10539069711058228,
            0.10570607389564868,
            0.10262144000993835
        ],
        "scratch_trainging_accuracy_history_list": [],
        "scratch_validation_accuracy_history_list": [],
        "scratch_trainging_loss_history_list": [],
        "scratch_validation_loss_history_list": []
    },
    "1727101978.127677": {
        "pretrained_trainging_accuracy_history_list": [],
        "pretrained_validation_accuracy_history_list": [],
        "pretrained_trainging_loss_history_list": [],
        "pretrained_validation_loss_history_list": [],
        "scratch_trainging_accuracy_history_list": [
            0.12342592592592593,
            0.12342592592592593,
            0.12342592592592593,
            0.12342592592592593,
            0.12342592592592593
        ],
        "scratch_validation_accuracy_history_list": [
            0.12796296296296295,
            0.12796296296296295,
            0.12796296296296295,
            0.12796296296296295,
            0.12796296296296295
        ],
        "scratch_trainging_loss_history_list": [
            2.409748919804891,
            2.4097488862496834,
            2.409748930401272,
            2.409748923337018,
            2.4097488950800012
        ],
        "scratch_validation_loss_history_list": [
            2.4094337534021446,
            2.4094338364071315,
            2.4094337940216066,
            2.4094338399392585,
            2.409433756934272
        ]
    },
    "2024-09-23_16-57-17": {
        "pretrained_trainging_accuracy_history_list": [],
        "pretrained_validation_accuracy_history_list": [],
        "pretrained_trainging_loss_history_list": [],
        "pretrained_validation_loss_history_list": [],
        "scratch_trainging_accuracy_history_list": [
            0.11481481481481481,
            0.11481481481481481
        ],
        "scratch_validation_accuracy_history_list": [
            0.11703703703703704,
            0.11703703703703704
        ],
        "scratch_trainging_loss_history_list": [
            2.357378837797377,
            2.357378790113661
        ],
        "scratch_validation_loss_history_list": [
            2.359013299588804,
            2.359013290758486
        ]
    }
}
